id_transaccion,fecha_hora,numero_celular,operador,monto
2024489,2024-06-01 00:48:28,921239695,Bitel,5.0
2024757,2024-06-02 05:55:57,958592484,Bitel,5.0
2024653,2024-06-05 19:26:53,956865431,Claro,10.0
2024861,2024-06-01 01:49:09,949750894,Entel,5.0
2024309,2024-06-01 23:51:47,917723963,Verizon,10.0
2024872,2024-06-05 08:15:20,923146243,Movistar,15.0
2024229,2024-06-01 13:25:38,941857234,Entel,10.0
2024086,2024-06-01 15:42:30,945070143,Movistar,20.0
2024832,2024-06-02 07:11:36,,claro,5.0
2024033,2024-06-06 19:46:36,993492589,Entel,5.0
2024742,2024-06-03 22:46:06,929868700,Claro,10.0
2024419,2024-06-02 03:59:37,944454976,Claro,20.0
2024297,2024-06-02 02:08:34,992011704,Claro,20.0
2024534,2024-06-03 22:57:50,,Movistar,10.0
2024095,2024-06-02 10:53:50,983570207,Bitel,15.0
2024020,2024-06-06 09:08:32,927627571,Movistar,15.0
2024800,2024-06-01 09:22:21,991167794,Movistar,10.0
2024133,2024-06-04 09:35:30,939220560,Movistar,10.0
2024568,2024-06-03 17:08:26,998938568,Entel,20.0
2024179,2024-06-06 17:30:59,925165469,Bitel,15.0
2024008,2024-06-05 17:29:18,977795174,Movistar,20.0
2024188,2024-06-02 22:33:27,949429598,Movistar,-10.0
2024238,2024-06-06 02:11:34,,Bitel,10.0
2024076,2024-06-03 13:58:08,977566936,Entel,20.0
2024933,2024-06-01 07:08:25,953664453,Movistar,5.0
2024946,2024-06-03 12:08:53,963148386,Bitel,15.0
2024850,2024-06-04 15:56:53,978133720,Claro,15.0
2024267,2024-06-03 03:57:49,984114513,Claro,10.0
2024352,2024-06-04 08:40:17,,Bitel,20.0
2024791,2024-06-01 13:40:31,924972202,Claro,20.0
2024811,2024-06-05 02:08:25,970523729,Bitel,10.0
2024385,2024-06-05 23:56:51,964125463,Claro,20.0
2024618,2024-06-02 18:37:28,941404166,Entel,12.5
2024905,2024-06-05 03:36:35,955992224,Claro,15.0
2024992,2024-06-05 13:09:09,965134072,Movistar,10.0
2024882,2024-06-02 04:37:16,957505898,Bitel,5.0
2024769,2024-06-02 12:45:50,924528571,Claro,20.0
2024719,2024-06-04 01:50:17,985331512,Claro,5.0
2024292,2024-06-06 19:05:05,992619322,Movistar,5.0
2024423,2024-06-01 13:33:16,945863269,Bitel,5.0
2024960,2024-06-04 17:53:49,921875047,Movistar,-10.0
2024321,2024-06-04 09:28:45,981442752,Claro,10.0
2024250,2024-06-02 22:10:28,949659739,Entel,7.0
2024823,2024-06-04 04:32:05,919073784,Entel,5.0
2024824,2024-06-03 22:11:24,936421615,Entel,5.0
2024126,2024-06-05 16:27:54,988669468,Movistar,5.0
2024303,2024-06-01 09:24:41,967614833,Bitel,10.0
2024982,2024-06-01 21:05:08,944181154,Claro,15.0
2024599,2024-06-05 23:50:26,994207590,Bitel,20.0
2024560,2024-06-06 15:12:09,945282239,Bitel,20.0
2024626,2024-06-01 00:21:54,962226995,Entel,15.0
2024207,2024-06-06 18:45:02,981584675,Claro,15.0
2024320,2024-06-01 03:51:14,918452060,Movistar,7.0
2024501,2024-06-05 11:21:14,918865216,Movistar,15.0
2024195,2024-06-03 23:51:26,928610766,Movistar,20.0
2024702,2024-06-05 06:19:17,917567694,Bitel,5.0
2024157,2024-06-03 14:03:25,934848154,Entel,20.0
2024213,2024-06-02 15:34:08,965997840,Movistar,12.5
2024748,2024-06-05 21:17:42,943873815,Claro,-10.0
2024806,2024-06-02 13:31:00,999267432,claro,15.0
2024939,2024-06-02 14:17:14,936222952,Entel,20.0
2024293,2024-06-03 12:51:38,956048517,Movistar,7.0
2024406,2024-06-04 13:37:47,935809056,Bitel,20.0
2024462,2024-06-03 10:10:36,977400036,Entel,15.0
2024134,2024-06-01 21:05:50,910585835,Claro,20.0
2024496,2024-06-03 00:11:41,937679108,Entel,15.0
2024271,2024-06-04 04:56:28,947171893,Bitel,-10.0
2024077,2024-06-05 14:31:58,970148582,Entel,20.0
2024100,2024-06-01 06:52:41,928065045,Entel,10.0
2024670,2024-06-06 23:34:35,970477640,Movistar,10.0
2024655,2024-06-06 07:29:48,922931165,Bitel,20.0
2024901,2024-06-02 19:19:05,942007922,Claro,5.0
2024312,2024-06-06 00:01:04,914280806,Bitel,10.0
2024046,2024-06-02 19:46:12,936415503,Entel,5.0
2024328,2024-06-01 01:18:32,,Claro,10.0
2024369,2024-06-05 20:32:07,964512124,Claro,15.0
2024441,2024-06-03 04:49:35,984040572,Entel,15.0
2024540,2024-06-05 13:40:21,968977643,Movistar,5.0
2024786,2024-06-06 20:51:53,995624822,Verizon,0.0
2024301,2024-06-06 09:13:16,991031547,Claro,5.0
2024622,2024-06-05 04:35:30,979221050,Verizon,5.0
2024439,2024-06-01 10:31:52,917034833,Movistar,5.0
2024727,2024-06-04 01:59:24,962208236,Bitel,20.0
2024243,2024-06-06 10:01:50,,Bitel,5.0
2024692,2024-06-06 11:57:09,990706316,Entel,20.0
2024660,2024-06-04 08:00:49,983037983,Entel,10.0
2024443,2024-06-06 22:41:08,933215679,Movistar,20.0
2024409,2024-06-03 08:31:59,951986189,Movistar,15.0
2024555,2024-06-04 22:11:53,933679359,Movistar,20.0
2024798,2024-06-02 08:07:27,996806144,Claro,20.0
2024912,2024-06-04 04:59:49,977862837,Movistar,-10.0
2024586,2024-06-06 18:06:05,,Movistar,10.0
2024251,2024-06-05 22:54:56,930000773,Bitel,5.0
2024683,2024-06-05 10:13:25,967549019,Entel,10.0
2024741,2024-06-03 00:52:13,923864868,Movistar,15.0
2024943,2024-06-02 13:36:07,935872580,Movistar,15.0
2024578,2024-06-01 04:57:07,993775407,Movistar,10.0
2024461,2024-06-03 19:04:51,961184001,Movistar,5.0
2024803,2024-06-04 16:46:11,917314172,Claro,5.0
2024533,2024-06-04 19:01:55,966212173,Claro,5.0
2024025,2024-06-02 09:08:53,951202033,,25.0
2024799,2024-06-04 11:18:34,937855449,Claro,-10.0
2024121,2024-06-05 00:06:53,975373092,Entel,15.0
2024323,2024-06-05 04:35:41,934672709,Bitel,20.0
2024437,2024-06-04 21:22:48,999162363,Movistar,10.0
2024206,2024-06-05 21:11:20,919130013,Bitel,15.0
2024317,2024-06-05 09:35:12,940654432,Claro,15.0
2024699,2024-06-02 17:56:31,,Movistar,5.0
2024470,2024-06-02 16:05:56,967955506,claro,10.0
2024966,2024-06-02 10:12:40,923601241,claro,10.0
2024091,2024-06-05 01:13:20,934825377,Entel,5.0
2024691,2024-06-03 03:06:25,,Entel,20.0
2024566,2024-06-04 22:49:54,910275607,Movistar,15.0
2024785,2024-06-03 17:42:40,984797680,Entel,15.0
2024368,2024-06-05 03:02:11,916183960,Movistar,12.5
2024544,2024-06-06 16:03:51,991114590,Bitel,10.0
2024055,2024-06-04 04:49:00,977569834,Claro,20.0
2024834,2024-06-05 07:14:51,960767237,Entel,20.0
2024975,2024-06-05 12:40:11,980419765,Entel,5.0
2024657,2024-06-04 07:23:22,912801027,Movistar,10.0
2024155,2024-06-03 11:40:58,910201625,Bitel,15.0
2024446,2024-06-05 21:09:46,976233980,Bitel,20.0
2024474,2024-06-02 18:23:37,976913187,Movistar,20.0
2024880,2024-06-05 17:21:14,998501490,Claro,-10.0
2024433,2024-06-06 02:19:01,962733248,Entel,15.0
2024758,2024-06-01 12:28:34,984538324,Claro,15.0
2024039,2024-06-05 03:20:18,,Bitel,5.0
2024354,2024-06-05 06:45:09,941546889,Entel,5.0
2024085,2024-06-02 01:41:28,,Claro,5.0
2024468,2024-06-06 18:43:29,948898655,Entel,15.0
2024826,2024-06-03 07:24:20,918108731,Bitel,15.0
2024689,2024-06-05 15:00:56,918963460,Claro,5.0
2024240,2024-06-01 08:55:21,933736868,Movistar,15.0
2024788,2024-06-03 06:10:55,996419020,Bitel,10.0
2024027,2024-06-05 12:51:57,955688839,Claro,10.0
2024883,2024-06-03 02:59:06,946422039,Movistar,25.0
2024629,2024-06-06 22:42:15,995141169,,5.0
2024677,2024-06-05 22:03:49,945449653,Bitel,5.0
2024753,2024-06-03 05:29:09,968803466,Bitel,15.0
2024720,2024-06-06 23:04:30,959420614,Entel,15.0
2024367,2024-06-03 10:28:29,996559710,Bitel,5.0
2024269,2024-06-04 11:56:25,913460692,Entel,20.0
2024227,2024-06-04 21:36:44,988370236,Entel,20.0
2024518,2024-06-01 12:23:04,957976607,Claro,10.0
2024363,2024-06-05 20:28:36,948362301,Entel,10.0
2024822,2024-06-03 05:44:00,967169143,Bitel,20.0
2024857,2024-06-01 02:45:58,996456361,Verizon,10.0
2024093,2024-06-05 07:29:06,,AT&T,15.0
2024987,2024-06-01 10:56:19,951844447,Movistar,10.0
2024142,2024-06-05 15:35:08,948891127,Claro,10.0
2024366,2024-06-05 11:37:46,945751411,Entel,10.0
2024908,2024-06-01 16:18:16,991977655,Movistar,20.0
2024899,2024-06-01 14:05:13,911988261,Claro,5.0
2024669,2024-06-04 06:39:12,994072794,Movistar,10.0
2024986,2024-06-01 15:31:03,971909873,claro,25.0
2024993,2024-06-01 16:36:07,,Bitel,10.0
2024120,2024-06-02 15:52:16,957082369,Claro,15.0
2024421,2024-06-01 05:16:46,943925233,Bitel,20.0
2024744,2024-06-05 05:07:27,943490406,Bitel,10.0
2024018,2024-06-03 01:07:06,929232999,Entel,5.0
2024792,2024-06-05 10:10:28,982746829,Movistar,20.0
2024498,2024-06-06 07:18:38,995697948,Entel,20.0
2024856,2024-06-04 10:02:46,963285162,Entel,7.0
2024591,2024-06-01 02:01:01,974036424,Bitel,20.0
2024315,2024-06-04 10:57:35,912821909,Movistar,15.0
2024564,2024-06-03 10:39:31,984892669,Claro,15.0
2024867,2024-06-05 01:26:15,945953540,Movistar,5.0
2024802,2024-06-01 08:48:20,984056083,Entel,10.0
2024562,2024-06-02 17:57:46,984002208,Entel,20.0
2024054,2024-06-05 19:40:35,993388387,Movistar,15.0
2024949,2024-06-04 07:11:24,971932677,Movistar,20.0
2024356,2024-06-05 19:35:45,989591116,Movistar,15.0
2024551,2024-06-06 03:27:53,919266706,Bitel,-10.0
2024420,2024-06-06 03:38:04,948356747,Bitel,5.0
2024080,2024-06-04 17:18:27,925072610,Bitel,20.0
2024846,2024-06-02 11:23:56,953710528,Claro,10.0
2024024,2024-06-05 11:56:26,987142123,Entel,10.0
2024494,2024-06-02 19:58:32,920110512,Bitel,20.0
2024004,2024-06-04 21:15:29,916140418,Bitel,-10.0
2024587,2024-06-02 03:27:12,955797620,Bitel,20.0
2024749,2024-06-03 12:33:18,984485170,Bitel,5.0
2024194,2024-06-06 05:56:42,973022588,Claro,5.0
2024162,2024-06-01 08:24:56,974557164,Entel,10.0
2024295,2024-06-01 18:17:34,991567947,Bitel,20.0
2024208,2024-06-06 05:17:47,962837508,Entel,5.0
2024873,2024-06-06 18:11:55,980057300,Bitel,5.0
2024326,2024-06-03 04:08:31,948071757,Entel,15.0
2024287,2024-06-04 03:50:47,992081033,Entel,10.0
2024476,2024-06-04 08:01:15,,Claro,20.0
2024159,2024-06-02 10:06:20,952732658,Claro,20.0
2024507,2024-06-04 08:11:42,992828360,Entel,10.0
2024889,2024-06-06 21:12:56,,,15.0
2024148,2024-06-03 05:14:18,949716535,Claro,15.0
2024067,2024-06-04 14:56:36,,Entel,20.0
2024734,2024-06-04 12:07:50,995726803,Claro,10.0
2024215,2024-06-03 13:03:25,976633502,Entel,10.0
2024072,2024-06-06 15:27:16,927760166,Claro,15.0
2024891,2024-06-03 13:40:36,938912490,Claro,7.0
2024782,2024-06-04 01:26:31,950973491,Entel,15.0
2024456,2024-06-02 21:48:56,928361911,Movistar,5.0
2024477,2024-06-05 14:13:38,987146309,claro,7.0
2024924,2024-06-05 12:38:29,988414944,Entel,15.0
2024395,2024-06-03 08:00:41,969907806,Entel,10.0
2024460,2024-06-05 03:42:51,920750972,Entel,10.0
2024515,2024-06-04 19:57:39,971817023,Bitel,10.0
2024275,2024-06-06 06:56:25,,Claro,15.0
2024114,2024-06-06 13:59:54,951758994,Bitel,5.0
2024211,2024-06-03 07:19:58,919013690,Movistar,5.0
2024028,2024-06-02 06:25:24,985687909,Bitel,20.0
2024695,2024-06-06 01:36:47,914577023,Movistar,15.0
2024654,2024-06-05 13:08:50,947363968,Movistar,5.0
2024452,2024-06-01 09:48:02,927019803,Movistar,15.0
2024952,2024-06-01 17:58:17,975292736,Movistar,10.0
2024428,2024-06-02 01:56:12,917284874,Movistar,15.0
2024350,2024-06-06 13:40:53,956077543,Movistar,10.0
2024413,2024-06-03 03:10:56,978164704,Claro,5.0
2024123,2024-06-03 00:04:55,965583590,AT&T,10.0
2024637,2024-06-04 22:16:31,,Claro,10.0
2024009,2024-06-01 01:34:14,,Movistar,-10.0
2024729,2024-06-06 07:45:19,930901561,Bitel,5.0
2024524,2024-06-02 05:21:08,916982496,movistar,10.0
2024705,2024-06-01 03:05:38,963053397,Claro,20.0
2024697,2024-06-02 21:31:36,927068590,Movistar,15.0
2024598,2024-06-01 20:01:23,997154446,Entel,10.0
2024338,2024-06-02 06:40:54,974418463,Claro,5.0
2024403,2024-06-03 08:06:42,975500842,Movistar,20.0
2024388,2024-06-06 19:16:28,971641511,Entel,25.0
2024539,2024-06-05 18:49:55,931588907,Bitel,15.0
2024612,2024-06-06 16:05:41,924320244,Bitel,15.0
2024724,2024-06-02 12:33:11,924319911,Bitel,15.0
2024313,2024-06-03 22:45:21,931234623,,25.0
2024497,2024-06-03 04:01:16,936450766,Bitel,5.0
2024860,2024-06-05 16:02:56,961340818,Movistar,15.0
2024467,2024-06-05 13:33:35,955214333,Claro,15.0
2024031,2024-06-01 04:23:39,,Bitel,5.0
2024565,2024-06-05 09:04:09,921146279,Entel,20.0
2024839,2024-06-01 00:52:45,947081756,AT&T,15.0
2024381,2024-06-06 00:27:49,915307858,Claro,12.5
2024994,2024-06-04 01:40:58,931876521,Entel,5.0
2024069,2024-06-03 04:43:34,991055740,Entel,10.0
2024010,2024-06-02 03:36:46,979097586,Bitel,25.0
2024480,2024-06-01 20:50:54,,Entel,20.0
2024981,2024-06-05 20:50:53,,Movistar,5.0
2024231,2024-06-03 16:37:19,920311807,Entel,5.0
2024502,2024-06-02 21:23:03,,Claro,15.0
2024223,2024-06-03 23:30:50,943041334,Bitel,7.0
2024509,2024-06-03 03:29:48,920867206,Claro,10.0
2024118,2024-06-02 09:36:10,967266336,Claro,15.0
2024364,2024-06-04 01:28:14,970987549,Claro,5.0
2024639,2024-06-02 13:42:22,977893298,Claro,12.5
2024058,2024-06-03 04:54:34,941073816,Bitel,5.0
2024216,2024-06-03 02:29:20,923038123,Movistar,10.0
2024865,2024-06-01 03:25:48,992290690,Claro,5.0
2024593,2024-06-02 09:03:33,984155078,Entel,20.0
2024455,2024-06-03 08:43:06,932511559,Entel,5.0
2024181,2024-06-01 00:10:15,937322426,Claro,20.0
2024252,2024-06-05 22:47:42,937571158,Movistar,5.0
2024172,2024-06-04 15:34:05,991323500,Bitel,7.0
2024876,2024-06-03 08:46:12,925803546,Movistar,10.0
2024284,2024-06-01 11:16:25,933194770,Bitel,20.0
2024809,2024-06-04 22:06:55,980714397,Movistar,10.0
2024471,2024-06-06 09:30:15,916057943,Movistar,5.0
2024661,2024-06-06 03:16:16,920197263,Bitel,5.0
2024923,2024-06-05 00:56:59,953128347,Bitel,15.0
2024866,2024-06-04 10:34:25,997850839,Bitel,5.0
2024078,2024-06-06 04:37:26,925225940,Claro,5.0
2024353,2024-06-01 06:12:35,973988513,Claro,10.0
2024351,2024-06-06 01:42:25,940716818,Claro,10.0
2024917,2024-06-01 08:00:11,915425281,,0.0
2024868,2024-06-06 20:34:29,971538486,,15.0
2024713,2024-06-01 21:58:01,956158782,Movistar,15.0
2024383,2024-06-06 13:18:18,988924763,Claro,20.0
2024793,2024-06-05 16:20:31,987190066,Bitel,20.0
2024514,2024-06-05 10:49:27,922964467,Bitel,20.0
2024026,2024-06-04 17:45:40,990569561,Movistar,5.0
2024552,2024-06-01 09:36:52,948059691,Entel,5.0
2024521,2024-06-06 10:43:03,962959712,Entel,0.0
2024360,2024-06-04 15:38:18,942155449,Bitel,20.0
2024160,2024-06-05 03:04:52,992365885,Movistar,5.0
2024881,2024-06-05 09:08:45,960632395,Entel,20.0
2024199,2024-06-04 06:13:33,989668944,Bitel,10.0
2024167,2024-06-02 07:27:18,984411215,Bitel,15.0
2024053,2024-06-01 16:00:17,942709291,Movistar,15.0
2024990,2024-06-06 22:16:09,956746164,Entel,10.0
2024671,2024-06-02 04:14:53,952271340,Entel,10.0
2024631,2024-06-04 14:18:25,954918137,Entel,15.0
2024373,2024-06-01 09:17:08,,Claro,0.0
2024904,2024-06-05 05:13:31,976411523,Entel,5.0
2024913,2024-06-03 22:29:52,941475687,Movistar,5.0
2024045,2024-06-02 02:28:51,912535547,Movistar,25.0
2024833,2024-06-04 13:20:00,957506931,Bitel,10.0
2024582,2024-06-01 08:25:45,978063178,Claro,10.0
2024124,2024-06-03 11:00:54,,AT&T,0.0
2024288,2024-06-06 05:06:33,973429786,Claro,7.0
2024795,2024-06-04 00:16:33,982798286,Bitel,10.0
2024484,2024-06-03 13:33:28,949897044,Bitel,20.0
2024740,2024-06-03 09:55:00,974782747,Movistar,0.0
2024276,2024-06-02 22:55:20,946692690,Movistar,20.0
2024307,2024-06-03 06:05:06,969982865,Entel,5.0
2024202,2024-06-05 23:47:07,912520335,Entel,20.0
2024163,2024-06-05 07:23:13,950559704,Movistar,5.0
2024959,2024-06-05 10:22:55,954016276,Bitel,0.0
2024325,2024-06-04 02:00:49,962342439,Claro,10.0
2024817,2024-06-03 21:37:28,950395627,Claro,25.0
2024003,2024-06-02 06:17:07,969487025,Entel,15.0
2024281,2024-06-05 22:07:17,921341296,Movistar,15.0
2024257,2024-06-02 03:01:15,960379064,Entel,20.0
2024435,2024-06-03 08:19:29,949595332,Movistar,20.0
2024888,2024-06-01 15:28:14,924068329,Bitel,5.0
2024584,2024-06-01 17:13:17,981082047,Bitel,10.0
2024628,2024-06-05 05:23:53,,Movistar,10.0
2024531,2024-06-04 23:38:14,952273588,Movistar,25.0
2024109,2024-06-06 07:29:40,933155857,Movistar,20.0
2024175,2024-06-03 09:35:05,941181534,Movistar,20.0
2024445,2024-06-02 14:30:33,928873610,Bitel,15.0
2024950,2024-06-02 07:57:30,913688137,Movistar,10.0
2024513,2024-06-05 15:48:06,966880376,Entel,15.0
2024493,2024-06-04 08:18:41,968337640,Claro,20.0
2024129,2024-06-03 08:54:37,,Movistar,15.0
2024372,2024-06-04 00:11:08,918106403,Claro,10.0
2024963,2024-06-02 20:37:59,934149988,Movistar,0.0
2024614,2024-06-04 04:55:08,919592341,Claro,20.0
2024044,2024-06-06 00:45:14,988075152,Movistar,-10.0
2024592,2024-06-06 18:10:15,973618352,Entel,15.0
2024453,2024-06-04 23:10:12,978334948,Claro,10.0
2024844,2024-06-01 12:59:32,993522434,Bitel,15.0
2024379,2024-06-04 00:41:46,920575884,Movistar,20.0
2024805,2024-06-02 18:21:31,936539356,Entel,20.0
2024081,2024-06-03 18:01:15,,Entel,10.0
2024487,2024-06-03 02:09:48,954254849,Claro,15.0
2024722,2024-06-05 21:16:40,960459786,Bitel,5.0
2024527,2024-06-05 08:35:17,912700309,Entel,15.0
2024034,2024-06-05 02:46:29,999555845,Bitel,15.0
2024620,2024-06-04 11:44:25,941225145,Claro,10.0
2024068,2024-06-05 10:25:43,992593100,Bitel,20.0
2024915,2024-06-05 16:55:37,921754968,Entel,10.0
2024059,2024-06-02 10:09:05,,Bitel,20.0
2024440,2024-06-02 08:44:07,938572965,Movistar,10.0
2024998,2024-06-01 19:18:23,974634810,Claro,5.0
2024819,2024-06-04 11:49:30,943795473,Entel,10.0
2024277,2024-06-04 23:44:15,934424105,Entel,15.0
2024723,2024-06-05 16:00:24,986533807,Bitel,15.0
2024535,2024-06-04 15:10:37,989673125,Movistar,15.0
2024944,2024-06-01 04:57:49,960508281,Claro,5.0
2024254,2024-06-04 21:52:46,975603100,Entel,20.0
2024161,2024-06-03 05:30:06,976335459,Claro,20.0
2024787,2024-06-04 08:31:58,,Claro,5.0
2024925,2024-06-03 01:57:38,997411136,Bitel,25.0
2024776,2024-06-01 21:37:43,970240619,Entel,10.0
2024589,2024-06-03 10:42:33,978035218,Bitel,15.0
2024906,2024-06-02 19:54:54,947234797,Entel,15.0
2024152,2024-06-01 16:02:26,939698684,Movistar,10.0
2024343,2024-06-01 14:47:02,993444471,Bitel,20.0
2024674,2024-06-05 19:55:01,995385529,Claro,10.0
2024101,2024-06-02 17:00:47,922377226,Bitel,12.5
2024407,2024-06-06 19:59:30,954601456,Movistar,10.0
2024858,2024-06-05 18:14:55,992919148,Entel,5.0
2024750,2024-06-02 13:36:55,917352721,Claro,15.0
2024164,2024-06-04 23:37:32,992177039,Movistar,10.0
2024270,2024-06-06 12:00:23,964054254,Claro,20.0
2024711,2024-06-05 18:21:14,950456807,Movistar,10.0
2024012,2024-06-02 06:36:31,928561299,Bitel,20.0
2024696,2024-06-03 16:07:45,928247927,Claro,15.0
2024973,2024-06-02 18:13:18,932665667,Claro,5.0
2024255,2024-06-03 21:50:12,933748685,Bitel,5.0
2024408,2024-06-03 11:59:04,947141311,Entel,20.0
2024572,2024-06-01 16:04:12,971077338,Movistar,20.0
2024641,2024-06-01 12:46:36,963624065,Claro,20.0
2024098,2024-06-05 10:46:49,980241996,Bitel,20.0
2024504,2024-06-03 15:25:21,986599032,Claro,0.0
2024554,2024-06-05 12:56:11,972017980,Movistar,0.0
2024613,2024-06-04 16:16:20,998994354,Claro,10.0
2024065,2024-06-03 01:17:48,980961013,claro,0.0
2024761,2024-06-03 03:13:23,960337269,Claro,15.0
2024107,2024-06-05 03:10:01,938220877,Movistar,15.0
2024472,2024-06-01 13:20:07,949310254,Bitel,10.0
2024219,2024-06-06 00:38:21,,Bitel,15.0
2024380,2024-06-05 04:32:59,956586245,Entel,20.0
2024967,2024-06-01 10:01:13,960835649,Bitel,15.0
2024558,2024-06-03 16:37:58,974772421,Entel,20.0
2024728,2024-06-04 08:36:29,916538896,Entel,10.0
2024743,2024-06-03 18:47:40,962480652,Bitel,10.0
2024543,2024-06-01 11:35:51,960462747,Entel,7.0
2024525,2024-06-04 04:32:41,941430591,Movistar,10.0
2024619,2024-06-05 15:48:12,,Bitel,10.0
2024667,2024-06-05 05:17:50,954025060,Bitel,5.0
2024282,2024-06-05 23:48:00,929972367,Bitel,10.0
2024424,2024-06-05 04:20:14,947845121,Claro,20.0
2024579,2024-06-03 18:07:20,985353556,,5.0
2024166,2024-06-02 23:44:52,,Entel,10.0
2024715,2024-06-01 07:46:36,,Claro,15.0
2024283,2024-06-03 17:21:02,984074039,Claro,25.0
2024624,2024-06-01 16:13:26,939882616,Entel,20.0
2024790,2024-06-04 05:14:19,980482407,Entel,5.0
2024011,2024-06-01 00:20:45,920482160,Bitel,-10.0
2024737,2024-06-02 13:18:03,934137414,Claro,10.0
2024096,2024-06-06 15:44:16,958160988,Bitel,15.0
2024942,2024-06-06 07:00:35,971199738,Movistar,15.0
2024038,2024-06-05 19:57:58,936686443,Claro,10.0
2024280,2024-06-06 00:04:30,946460561,Entel,10.0
2024890,2024-06-02 18:25:19,962417277,Movistar,10.0
2024113,2024-06-03 21:39:50,936255624,Claro,15.0
2024931,2024-06-06 04:48:16,932713327,Claro,15.0
2024964,2024-06-05 01:15:48,968386072,Entel,10.0
2024929,2024-06-03 11:33:43,983791076,Claro,-10.0
2024062,2024-06-05 05:28:10,,Entel,5.0
2024716,2024-06-02 05:57:41,987851451,Entel,5.0
2024530,2024-06-02 17:00:29,972428304,Claro,10.0
2024585,2024-06-04 05:21:23,992160045,claro,20.0
2024510,2024-06-04 10:01:52,933110198,Movistar,15.0
2024210,2024-06-02 07:07:50,935396797,Entel,15.0
2024816,2024-06-01 12:34:22,915446513,Movistar,10.0
2024013,2024-06-04 16:47:40,996275525,Entel,10.0
2024777,2024-06-04 08:22:17,990032020,Entel,5.0
2024932,2024-06-02 14:27:13,964864605,Bitel,20.0
2024158,2024-06-06 20:58:30,988284854,Claro,5.0
2024604,2024-06-06 06:53:46,,Entel,15.0
2024557,2024-06-02 00:27:35,953185223,Movistar,20.0
2024073,2024-06-04 09:23:14,944258050,Bitel,20.0
2024040,2024-06-04 21:28:21,973219083,Claro,0.0
2024630,2024-06-05 03:32:37,946961948,Claro,20.0
2024412,2024-06-01 17:03:22,969794648,Bitel,20.0
2024686,2024-06-04 05:14:01,992680926,Movistar,15.0
2024241,2024-06-01 19:47:36,984179630,Movistar,15.0
2024308,2024-06-04 09:16:43,,Bitel,20.0
2024980,2024-06-05 07:33:36,982717675,Bitel,10.0
2024444,2024-06-06 21:50:42,912421151,Entel,0.0
2024170,2024-06-03 03:16:28,924960103,Bitel,15.0
2024147,2024-06-05 06:34:30,,Movistar,15.0
2024193,2024-06-01 04:04:46,996700957,Entel,5.0
2024877,2024-06-03 09:03:37,937700345,Movistar,5.0
2024047,2024-06-01 15:29:27,,Claro,5.0
2024569,2024-06-04 02:59:14,951058628,Bitel,20.0
2024304,2024-06-06 14:34:11,,Claro,5.0
2024828,2024-06-04 16:24:03,982314838,Claro,10.0
2024336,2024-06-01 10:06:30,951764664,Movistar,15.0
2024859,2024-06-06 10:50:10,970476611,Bitel,5.0
2024000,2024-06-01 03:32:37,923664722,Movistar,20.0
2024945,2024-06-05 22:22:44,918845730,Movistar,20.0
2024784,2024-06-05 07:35:17,987762477,Bitel,10.0
2024875,2024-06-02 11:00:22,941125486,Bitel,15.0
2024021,2024-06-04 11:42:59,,Claro,20.0
2024273,2024-06-01 21:35:00,,Bitel,15.0
2024431,2024-06-03 20:13:08,987391281,Movistar,15.0
2024623,2024-06-02 21:39:19,915770507,Movistar,15.0
2024884,2024-06-06 14:04:59,964048043,Movistar,5.0
2024264,2024-06-06 09:41:38,911737428,Movistar,10.0
2024488,2024-06-02 11:12:42,950487641,Claro,-10.0
2024429,2024-06-06 04:04:05,989676822,Bitel,20.0
2024920,2024-06-05 13:01:53,961770040,Entel,5.0
2024201,2024-06-01 16:07:37,926875816,Bitel,5.0
2024668,2024-06-03 02:11:12,945075236,Bitel,20.0
2024714,2024-06-04 18:17:27,997134061,Bitel,15.0
2024432,2024-06-04 19:05:21,934662095,Movistar,10.0
2024827,2024-06-02 07:38:30,932046440,Entel,15.0
2024483,2024-06-04 23:53:59,952836089,Entel,12.5
2024547,2024-06-01 05:26:43,952637961,Bitel,10.0
2024863,2024-06-02 09:10:12,910458568,Entel,-10.0
2024532,2024-06-05 01:12:16,939870802,Bitel,5.0
2024636,2024-06-03 01:25:10,952215789,Claro,5.0
2024296,2024-06-02 11:14:59,980865248,Entel,10.0
2024294,2024-06-02 06:38:13,956467692,Claro,10.0
2024359,2024-06-05 03:54:12,912569382,Bitel,15.0
2024921,2024-06-05 18:47:55,967818444,Movistar,5.0
2024258,2024-06-02 09:10:29,953423698,Movistar,20.0
2024023,2024-06-05 21:15:59,922016076,AT&T,15.0
2024651,2024-06-04 11:34:30,917875938,Movistar,20.0
2024900,2024-06-02 02:52:26,943041552,Entel,10.0
2024006,2024-06-05 11:50:08,916566997,Claro,5.0
2024396,2024-06-02 01:18:09,970733129,Bitel,20.0
2024019,2024-06-03 19:37:25,952023124,Movistar,10.0
2024505,2024-06-01 08:34:54,977119899,Claro,7.0
2024934,2024-06-05 12:41:56,960339906,Movistar,10.0
2024182,2024-06-05 03:18:00,,Entel,15.0
2024574,2024-06-03 14:37:43,980172855,Claro,10.0
2024074,2024-06-01 01:37:08,911558133,Bitel,20.0
2024189,2024-06-06 04:43:23,962477587,Claro,15.0
2024291,2024-06-05 18:19:43,979099554,Claro,10.0
2024260,2024-06-01 20:42:01,910695767,Entel,5.0
2024919,2024-06-06 15:52:02,912892599,Bitel,20.0
2024450,2024-06-02 20:12:21,932424721,Entel,25.0
2024417,2024-06-02 12:59:49,993894708,Entel,-10.0
2024712,2024-06-01 17:06:56,,Entel,5.0
2024051,2024-06-01 10:39:55,991251090,Bitel,15.0
2024479,2024-06-03 17:24:45,911578502,Movistar,5.0
2024116,2024-06-03 20:19:18,987422931,Entel,20.0
2024017,2024-06-04 16:14:48,924610377,Claro,10.0
2024703,2024-06-05 08:41:32,918682766,Entel,15.0
2024365,2024-06-01 05:48:00,,Claro,15.0
2024398,2024-06-06 08:58:29,,Claro,10.0
2024185,2024-06-03 19:31:17,948050726,movistar,5.0
2024050,2024-06-03 05:12:53,980115006,Claro,20.0
2024907,2024-06-02 13:21:34,970461443,Bitel,10.0
2024979,2024-06-05 15:01:03,958028897,Bitel,10.0
2024977,2024-06-06 22:09:42,915844902,Movistar,10.0
2024043,2024-06-02 00:28:29,922087897,Movistar,15.0
2024581,2024-06-06 13:01:14,,Entel,20.0
2024754,2024-06-02 03:46:49,955135603,Claro,10.0
2024436,2024-06-01 03:02:47,922924611,Bitel,20.0
2024878,2024-06-02 22:09:35,995399073,Movistar,5.0
2024198,2024-06-01 10:42:57,917404430,Entel,10.0
2024635,2024-06-06 11:29:10,955944629,Claro,10.0
2024955,2024-06-01 12:18:47,955059769,Movistar,20.0
2024681,2024-06-05 18:38:24,979775257,Entel,10.0
2024752,2024-06-01 20:26:08,950605834,AT&T,0.0
2024272,2024-06-01 15:13:39,,Bitel,20.0
2024203,2024-06-04 19:10:49,935517190,Movistar,15.0
2024848,2024-06-05 02:29:50,946407916,Movistar,20.0
2024191,2024-06-01 19:55:38,,Bitel,12.5
2024684,2024-06-02 02:09:20,961805109,Claro,15.0
2024836,2024-06-01 12:43:22,929158146,Claro,15.0
2024922,2024-06-03 06:24:13,954036271,Bitel,10.0
2024996,2024-06-02 19:03:24,955190845,Claro,10.0
2024887,2024-06-01 00:35:39,948527220,Bitel,15.0
2024066,2024-06-04 16:46:58,946882409,Entel,5.0
2024538,2024-06-01 15:05:49,,Bitel,5.0
2024627,2024-06-06 17:05:15,933593258,Entel,5.0
2024842,2024-06-04 16:34:19,910555147,Movistar,10.0
2024330,2024-06-02 10:08:41,996295991,Claro,5.0
2024143,2024-06-05 18:31:50,989202551,Movistar,15.0
2024650,2024-06-06 20:58:02,952298988,Movistar,15.0
2024541,2024-06-03 21:42:56,956895850,Entel,15.0
2024546,2024-06-02 13:36:10,915175124,Entel,15.0
2024263,2024-06-04 00:13:46,972223346,Movistar,5.0
2024442,2024-06-04 21:25:37,966172310,Bitel,5.0
2024869,2024-06-05 03:38:49,988313112,Bitel,20.0
2024503,2024-06-02 04:56:23,914349204,Bitel,15.0
2024957,2024-06-04 22:08:48,957525231,Entel,7.0
2024999,2024-06-04 10:57:23,,Bitel,5.0
2024736,2024-06-04 13:30:06,944029533,Entel,20.0
2024764,2024-06-02 22:40:35,915976284,Movistar,15.0
2024049,2024-06-03 13:57:05,940151610,Bitel,20.0
2024302,2024-06-06 02:51:54,980424392,Movistar,15.0
2024399,2024-06-01 14:05:32,947833066,Bitel,12.5
2024561,2024-06-06 20:10:22,999710985,Claro,10.0
2024843,2024-06-04 23:22:57,968952664,Entel,5.0
2024958,2024-06-05 21:13:11,938728615,Entel,12.5
2024732,2024-06-04 13:39:13,955630328,Claro,20.0
2024495,2024-06-01 13:57:07,985922825,Entel,5.0
2024397,2024-06-05 23:05:54,944124423,Movistar,20.0
2024156,2024-06-06 06:07:18,998458052,Movistar,5.0
2024333,2024-06-02 14:35:57,,Entel,10.0
2024232,2024-06-01 16:37:05,935907927,Claro,7.0
2024106,2024-06-05 10:48:14,943918365,Bitel,5.0
2024465,2024-06-05 08:30:05,910383998,claro,5.0
2024084,2024-06-04 14:40:15,914269852,Movistar,5.0
2024770,2024-06-03 02:07:58,990806071,Entel,15.0
2024244,2024-06-06 22:47:54,935560147,Bitel,15.0
2024130,2024-06-03 20:22:09,984237286,Movistar,15.0
2024936,2024-06-05 01:26:50,929664098,Entel,15.0
2024137,2024-06-02 15:15:48,966856126,Movistar,10.0
2024962,2024-06-04 13:31:31,914073910,Movistar,15.0
2024322,2024-06-05 04:29:16,939755393,Movistar,20.0
2024060,2024-06-05 04:15:12,,Movistar,10.0
2024331,2024-06-05 22:16:31,986963690,Movistar,15.0
2024393,2024-06-04 02:34:57,917569084,Movistar,25.0
2024404,2024-06-01 12:51:56,,Bitel,20.0
2024239,2024-06-04 12:46:18,930643468,Entel,-10.0
2024382,2024-06-02 21:46:43,936921006,Movistar,15.0
2024451,2024-06-05 12:13:50,988865206,Entel,5.0
2024410,2024-06-03 04:42:37,977626749,Claro,20.0
2024224,2024-06-03 22:40:36,916479149,movistar,10.0
2024361,2024-06-06 12:35:45,967636088,Claro,5.0
2024647,2024-06-01 11:45:28,927075323,Bitel,15.0
2024235,2024-06-06 10:03:51,938289194,Claro,5.0
2024851,2024-06-02 16:06:49,914215856,Movistar,10.0
2024131,2024-06-03 07:16:00,915189574,Bitel,7.0
2024954,2024-06-03 18:03:44,966348127,Bitel,15.0
2024370,2024-06-05 23:49:07,967480832,Bitel,5.0
2024438,2024-06-01 23:44:15,,Entel,10.0
2024893,2024-06-01 15:03:20,969730694,Movistar,15.0
2024087,2024-06-04 17:33:53,958914650,Movistar,20.0
2024448,2024-06-02 20:32:06,997169636,Movistar,5.0
2024402,2024-06-02 05:33:33,972221867,Entel,10.0
2024808,2024-06-06 21:42:09,965947012,Movistar,5.0
2024633,2024-06-01 09:14:16,952335938,Movistar,15.0
2024139,2024-06-02 05:11:38,939264378,Movistar,5.0
2024731,2024-06-05 10:55:17,993241845,Entel,20.0
2024014,2024-06-02 19:35:03,997243000,Claro,10.0
2024237,2024-06-04 06:01:36,917059736,Movistar,15.0
2024621,2024-06-05 06:05:49,961249806,Entel,15.0
2024607,2024-06-04 20:18:26,982811633,Movistar,10.0
2024119,2024-06-06 21:10:44,976767878,Bitel,5.0
2024595,2024-06-05 20:06:07,961541002,Claro,10.0
2024978,2024-06-05 01:51:58,980695467,Entel,5.0
2024226,2024-06-06 09:42:23,910252888,Bitel,5.0
2024425,2024-06-03 07:53:05,985707297,Entel,15.0
2024645,2024-06-01 16:41:57,918169715,Entel,5.0
2024262,2024-06-01 23:21:09,939785884,Claro,5.0
2024649,2024-06-05 03:25:17,930765411,Claro,12.5
2024102,2024-06-05 08:40:26,963006648,Entel,20.0
2024708,2024-06-03 23:29:20,918431758,Claro,15.0
2024914,2024-06-06 14:34:18,992947582,Claro,0.0
2024427,2024-06-03 20:48:07,969485872,Claro,5.0
2024171,2024-06-02 03:45:12,934726569,Claro,10.0
2024606,2024-06-02 22:18:23,927216810,Movistar,5.0
2024968,2024-06-03 13:32:52,957091346,Entel,20.0
2024339,2024-06-06 17:12:25,995301233,Entel,5.0
2024169,2024-06-03 08:00:08,997723696,Bitel,15.0
2024615,2024-06-06 12:16:18,923836493,Entel,12.5
2024600,2024-06-04 15:24:44,982818400,Movistar,10.0
2024783,2024-06-03 00:30:52,962789990,Claro,10.0
2024576,2024-06-03 20:56:05,991613655,Claro,15.0
2024492,2024-06-01 22:56:25,919044109,Entel,5.0
2024378,2024-06-01 21:32:52,941176894,Entel,5.0
2024909,2024-06-01 11:05:06,949988753,Claro,25.0
2024064,2024-06-05 05:03:44,974283838,Entel,5.0
2024392,2024-06-05 10:13:00,946516740,Bitel,15.0
2024387,2024-06-02 01:16:19,990204826,Claro,10.0
2024228,2024-06-04 11:17:09,980533312,Entel,15.0
2024961,2024-06-05 14:20:55,943179272,Claro,20.0
2024511,2024-06-04 13:12:20,919170996,Bitel,20.0
2024029,2024-06-05 00:18:00,961506272,Bitel,10.0
2024841,2024-06-02 16:49:26,965346239,Movistar,15.0
2024151,2024-06-06 09:36:41,945963301,Entel,25.0
2024611,2024-06-03 03:56:03,976498007,Entel,20.0
2024041,2024-06-04 04:38:52,953912438,Claro,10.0
2024278,2024-06-01 21:48:44,914578907,Movistar,20.0
2024165,2024-06-01 08:14:27,983136148,Bitel,5.0
2024717,2024-06-02 14:37:30,967928115,Bitel,15.0
2024386,2024-06-01 14:50:34,936536886,Movistar,20.0
2024885,2024-06-03 13:01:50,994783709,Bitel,10.0
2024847,2024-06-06 16:06:13,922285355,Entel,10.0
2024892,2024-06-06 06:39:29,942326586,Entel,10.0
2024144,2024-06-01 21:01:28,973785270,,20.0
2024870,2024-06-05 13:12:10,961808655,Movistar,5.0
2024951,2024-06-03 13:38:58,974605733,Claro,20.0
2024771,2024-06-03 10:23:27,996440348,Claro,10.0
2024896,2024-06-03 22:29:19,992372198,Movistar,5.0
2024680,2024-06-06 06:20:19,926223139,Movistar,5.0
2024300,2024-06-04 06:02:14,994861269,Entel,5.0
2024520,2024-06-03 06:44:13,940153223,Entel,20.0
2024563,2024-06-06 22:34:13,916475885,AT&T,20.0
2024733,2024-06-06 15:00:38,924041170,Entel,15.0
2024710,2024-06-05 05:09:46,912885414,Movistar,15.0
2024136,2024-06-04 00:42:00,986021445,Bitel,5.0
2024314,2024-06-04 15:58:26,972513044,Bitel,15.0
2024242,2024-06-01 23:54:29,987765863,Claro,5.0
2024246,2024-06-06 11:10:03,923736200,Movistar,5.0
2024814,2024-06-02 15:36:19,,Movistar,5.0
2024089,2024-06-05 16:56:25,951828983,Bitel,20.0
2024184,2024-06-01 17:50:55,954335203,Claro,5.0
2024938,2024-06-06 02:07:24,921900455,Bitel,5.0
2024972,2024-06-01 13:35:31,999310740,Entel,10.0
2024995,2024-06-01 11:53:34,964236710,Bitel,20.0
2024371,2024-06-05 17:08:53,935365841,Movistar,10.0
2024642,2024-06-03 09:50:17,,Claro,20.0
2024688,2024-06-01 05:49:48,941091342,Entel,7.0
2024575,2024-06-02 07:48:57,,Entel,10.0
2024205,2024-06-03 01:11:08,993571753,Claro,5.0
2024947,2024-06-04 14:29:43,986368650,Claro,5.0
2024701,2024-06-03 05:27:18,963331136,Bitel,15.0
2024342,2024-06-04 01:52:18,993762291,Claro,20.0
2024332,2024-06-06 01:45:48,926025165,Bitel,5.0
2024285,2024-06-02 04:15:57,,Entel,20.0
2024141,2024-06-04 17:55:35,961199647,Claro,15.0
2024643,2024-06-03 08:15:13,956854815,Entel,15.0
2024491,2024-06-01 06:57:54,930963690,Bitel,10.0
2024739,2024-06-06 23:01:18,956358810,Movistar,12.5
2024801,2024-06-04 17:16:32,983855561,Movistar,25.0
2024204,2024-06-04 02:34:08,936324986,Entel,5.0
2024763,2024-06-02 11:42:38,917363817,Movistar,7.0
2024775,2024-06-02 10:24:57,,Claro,10.0
2024991,2024-06-05 18:53:34,913134344,Bitel,10.0
2024486,2024-06-04 20:20:09,945641357,Claro,12.5
2024347,2024-06-03 20:16:36,935409150,Claro,0.0
2024646,2024-06-03 07:01:53,997108585,Movistar,15.0
2024969,2024-06-05 19:28:44,936156530,Entel,5.0
2024840,2024-06-05 20:30:00,960725128,Bitel,20.0
2024183,2024-06-03 19:18:18,971110266,Entel,15.0
2024111,2024-06-03 02:38:38,970499049,Bitel,0.0
2024104,2024-06-02 14:17:57,936705438,Movistar,-10.0
2024178,2024-06-03 09:39:48,995192788,Movistar,20.0
2024337,2024-06-03 15:38:48,994290118,Claro,15.0
2024222,2024-06-05 03:04:47,985644558,Movistar,0.0
2024377,2024-06-01 13:18:11,984967779,Bitel,20.0
2024401,2024-06-06 12:09:35,951791803,Movistar,15.0
2024673,2024-06-04 17:23:10,962378689,movistar,15.0
2024186,2024-06-05 09:31:53,976264793,Entel,5.0
2024221,2024-06-04 03:27:30,986892065,Movistar,5.0
2024528,2024-06-06 21:06:20,935430302,Claro,5.0
2024559,2024-06-01 03:04:31,933176575,Bitel,20.0
2024391,2024-06-05 16:52:54,931779432,Bitel,10.0
2024200,2024-06-02 03:59:03,935958476,Bitel,15.0
2024042,2024-06-02 23:33:38,951307811,Entel,5.0
2024358,2024-06-03 16:38:07,912684627,Movistar,10.0
2024738,2024-06-04 00:07:50,943969893,Claro,7.0
2024676,2024-06-04 00:00:10,926762825,Movistar,5.0
2024812,2024-06-03 21:42:09,976941504,Entel,10.0
2024927,2024-06-03 22:00:38,955454776,Bitel,25.0
2024536,2024-06-03 14:52:24,915709353,Entel,0.0
2024344,2024-06-05 04:42:45,935706751,Entel,5.0
2024090,2024-06-03 17:06:22,,Entel,0.0
2024553,2024-06-01 03:24:34,910730865,Claro,5.0
2024542,2024-06-05 21:28:14,941535795,Entel,25.0
2024056,2024-06-04 05:02:09,975409384,Bitel,15.0
2024747,2024-06-06 23:56:47,,Entel,10.0
2024478,2024-06-01 12:29:20,927922514,Claro,15.0
2024678,2024-06-06 08:07:44,975484107,Verizon,25.0
2024989,2024-06-05 21:30:46,980017927,Claro,5.0
2024721,2024-06-02 21:21:56,,Bitel,10.0
2024810,2024-06-06 05:27:38,952173581,Movistar,15.0
2024447,2024-06-04 11:58:01,958329063,Claro,10.0
2024774,2024-06-03 21:49:32,942619446,Entel,15.0
2024640,2024-06-03 23:07:00,945360466,Movistar,5.0
2024299,2024-06-01 06:41:47,955659537,Claro,15.0
2024756,2024-06-01 14:32:41,998909426,Claro,10.0
2024807,2024-06-06 15:04:17,,Movistar,10.0
2024910,2024-06-04 20:29:57,,Entel,10.0
2024694,2024-06-02 23:59:39,993239929,Entel,15.0
2024415,2024-06-01 10:37:33,935110199,Entel,5.0
2024813,2024-06-02 15:34:20,,Verizon,0.0
2024985,2024-06-01 02:09:06,981642372,Entel,5.0
2024781,2024-06-04 10:14:42,910351340,Claro,5.0
2024797,2024-06-02 15:34:00,962975839,Claro,7.0
2024500,2024-06-02 06:30:35,942333553,Bitel,7.0
2024918,2024-06-04 00:16:08,943361714,Bitel,5.0
2024327,2024-06-02 13:35:13,953955361,Entel,20.0
2024348,2024-06-02 16:49:04,995955156,Entel,10.0
2024390,2024-06-01 16:47:53,963502366,Entel,20.0
2024523,2024-06-02 20:18:02,986054079,Claro,15.0
2024926,2024-06-01 15:35:27,987422376,Bitel,10.0
2024610,2024-06-06 15:47:04,928588496,Claro,15.0
2024063,2024-06-06 07:42:33,976566137,Movistar,10.0
2024855,2024-06-05 11:27:08,994896604,Bitel,15.0
2024015,2024-06-03 20:44:25,915723698,Movistar,20.0
2024687,2024-06-04 07:16:32,990519680,Entel,20.0
2024778,2024-06-05 18:51:23,986993405,Bitel,10.0
2024220,2024-06-01 06:29:38,928776193,Movistar,5.0
2024616,2024-06-04 08:21:09,910133279,Movistar,10.0
2024416,2024-06-02 01:04:35,,Bitel,20.0
2024821,2024-06-05 01:00:11,966781824,Movistar,5.0
2024638,2024-06-01 23:32:59,964830955,claro,5.0
2024571,2024-06-01 09:21:26,939919130,Movistar,5.0
2024845,2024-06-01 09:06:53,957166556,Bitel,20.0
2024838,2024-06-06 01:50:34,936917238,AT&T,10.0
2024997,2024-06-02 19:51:28,912765660,Movistar,5.0
2024233,2024-06-02 11:31:58,975050679,Bitel,5.0
2024796,2024-06-05 04:34:22,988556484,Movistar,5.0
2024898,2024-06-04 22:14:06,975607550,Claro,15.0
2024329,2024-06-04 20:22:56,954719323,Claro,5.0
2024508,2024-06-01 19:21:10,992034516,Movistar,15.0
2024061,2024-06-06 01:28:23,944619012,Bitel,5.0
2024634,2024-06-04 01:17:24,995161244,Claro,10.0
2024022,2024-06-01 19:45:46,923870001,Bitel,20.0
2024930,2024-06-06 11:27:23,913689561,Entel,5.0
2024550,2024-06-03 10:50:17,,Entel,10.0
2024286,2024-06-05 23:26:54,943433466,Bitel,10.0
2024197,2024-06-05 12:19:17,920349942,Movistar,10.0
2024519,2024-06-01 18:48:57,958796440,Claro,10.0
2024666,2024-06-05 11:01:43,963754314,Claro,15.0
2024357,2024-06-05 07:13:37,940189019,Movistar,-10.0
2024755,2024-06-01 13:58:21,968545178,Bitel,15.0
2024316,2024-06-03 05:39:33,917640309,Movistar,15.0
2024601,2024-06-03 18:28:07,975620325,Movistar,15.0
2024765,2024-06-06 11:49:21,958417681,Movistar,15.0
2024937,2024-06-04 07:40:26,937875155,Movistar,5.0
2024394,2024-06-01 09:03:08,916750502,Movistar,15.0
2024605,2024-06-02 21:55:28,,Bitel,10.0
2024482,2024-06-03 09:09:49,912061707,Movistar,5.0
2024349,2024-06-06 13:46:27,915785179,Bitel,25.0
2024225,2024-06-05 17:05:36,920955744,Bitel,10.0
2024956,2024-06-06 10:56:35,962535743,Bitel,10.0
2024516,2024-06-01 05:21:20,934440208,Bitel,5.0
2024590,2024-06-02 10:16:55,923096163,Entel,15.0
2024088,2024-06-06 22:59:08,,Bitel,15.0
2024556,2024-06-05 22:30:48,947917992,Bitel,5.0
2024760,2024-06-04 02:37:43,913654503,Entel,15.0
2024146,2024-06-01 03:56:24,932624134,Entel,5.0
2024230,2024-06-03 23:38:39,964515779,Bitel,5.0
2024249,2024-06-06 07:09:52,917627278,,5.0
2024704,2024-06-01 05:05:30,927576669,Verizon,-10.0
2024289,2024-06-04 22:37:39,922720105,Movistar,15.0
2024745,2024-06-02 19:33:05,975683082,Bitel,10.0
2024902,2024-06-01 13:51:53,978823210,Bitel,5.0
2024140,2024-06-05 12:13:23,971589620,Claro,5.0
2024549,2024-06-04 15:20:04,962799269,,20.0
2024685,2024-06-02 20:24:35,915209648,Bitel,15.0
2024690,2024-06-01 02:26:54,929413141,Bitel,15.0
2024311,2024-06-05 08:20:12,,Entel,0.0
2024389,2024-06-02 01:42:20,977741959,Bitel,5.0
2024306,2024-06-06 18:23:19,958566468,claro,15.0
2024475,2024-06-02 11:56:55,990516571,Movistar,7.0
2024075,2024-06-01 04:07:16,998581540,Bitel,5.0
2024682,2024-06-02 15:37:20,953431482,Entel,15.0
2024187,2024-06-05 21:46:56,981306698,Bitel,20.0
2024648,2024-06-02 12:32:05,922908007,Claro,10.0
2024279,2024-06-01 19:58:55,951319828,Bitel,5.0
2024829,2024-06-01 11:35:29,944000707,Bitel,10.0
2024580,2024-06-04 20:09:15,982991592,Bitel,5.0
2024376,2024-06-03 08:15:52,974494583,Entel,10.0
2024405,2024-06-02 09:54:43,,Movistar,20.0
2024117,2024-06-01 01:58:49,928656736,Claro,7.0
2024001,2024-06-05 02:46:16,960837100,Entel,10.0
2024830,2024-06-02 10:27:32,984319603,Entel,25.0
2024594,2024-06-02 23:57:53,998041016,Claro,10.0
2024625,2024-06-05 10:41:26,931635183,Claro,20.0
2024879,2024-06-03 19:00:12,933609844,Entel,10.0
2024772,2024-06-03 07:09:50,957707039,Movistar,20.0
2024411,2024-06-05 23:15:58,947183785,Bitel,10.0
2024567,2024-06-04 08:41:57,980882121,Movistar,15.0
2024526,2024-06-06 19:25:34,962147568,Bitel,20.0
2024773,2024-06-06 14:40:14,958578604,Movistar,20.0
2024030,2024-06-01 06:05:03,946917264,Bitel,5.0
2024192,2024-06-04 08:22:03,953810629,Claro,20.0
2024212,2024-06-05 13:28:36,,Entel,15.0
2024935,2024-06-02 07:23:15,944454412,Entel,15.0
2024545,2024-06-06 23:07:37,989901402,Movistar,15.0
2024663,2024-06-03 21:48:13,956121637,Claro,5.0
2024125,2024-06-03 05:38:06,936412673,Bitel,10.0
2024665,2024-06-04 19:15:28,967720555,Bitel,12.5
2024983,2024-06-03 09:46:30,983256163,Claro,5.0
2024153,2024-06-02 21:52:41,949827150,Movistar,10.0
2024837,2024-06-05 02:21:24,914242999,Bitel,20.0
2024426,2024-06-04 01:44:49,963150779,Claro,15.0
2024083,2024-06-03 20:02:27,974185106,Movistar,12.5
2024341,2024-06-02 00:06:40,958817779,Entel,20.0
2024375,2024-06-01 16:29:30,961363645,Movistar,15.0
2024422,2024-06-05 09:04:42,,Movistar,10.0
2024234,2024-06-02 04:47:14,951584921,Movistar,20.0
2024602,2024-06-04 19:13:34,944155405,Entel,20.0
2024709,2024-06-04 06:07:43,962119538,Claro,10.0
2024499,2024-06-02 16:10:42,929496964,Claro,15.0
2024718,2024-06-03 17:24:38,966996436,Bitel,10.0
2024110,2024-06-04 10:24:29,919637029,Bitel,15.0
2024007,2024-06-02 17:01:51,989045981,Entel,5.0
2024766,2024-06-06 13:23:27,,Entel,15.0
2024831,2024-06-03 06:23:42,976645611,Entel,7.0
2024103,2024-06-03 07:38:52,990327903,Bitel,20.0
2024746,2024-06-01 07:16:48,950794274,Claro,15.0
2024248,2024-06-03 08:39:23,913545496,Entel,12.5
2024070,2024-06-05 14:15:29,,claro,15.0
2024135,2024-06-05 07:53:59,,Movistar,25.0
2024128,2024-06-04 21:01:31,967464201,Movistar,20.0
2024290,2024-06-02 02:04:56,995519124,Claro,10.0
2024035,2024-06-03 03:14:20,995411898,Bitel,5.0
2024597,2024-06-05 19:00:50,910027405,Bitel,20.0
2024804,2024-06-04 16:53:15,989552160,Claro,20.0
2024145,2024-06-05 22:44:21,924341444,Claro,5.0
2024180,2024-06-04 11:04:09,934905354,Claro,15.0
2024675,2024-06-03 04:01:01,986740058,Entel,5.0
2024679,2024-06-06 14:35:13,978781659,Claro,10.0
2024048,2024-06-01 01:54:12,944818709,Entel,10.0
2024871,2024-06-04 09:39:29,923408790,Entel,7.0
2024454,2024-06-02 23:07:21,967945153,Bitel,10.0
2024168,2024-06-04 13:34:33,999624802,Bitel,20.0
2024517,2024-06-02 08:13:05,930762090,Entel,10.0
2024052,2024-06-03 04:16:43,980849245,Movistar,5.0
2024664,2024-06-05 05:38:17,917159342,Entel,20.0
2024522,2024-06-05 03:23:06,945290345,Claro,10.0
2024305,2024-06-02 15:52:45,968595381,Movistar,5.0
2024150,2024-06-04 17:24:54,987075038,Claro,15.0
2024335,2024-06-02 22:16:41,983233089,Movistar,15.0
2024886,2024-06-02 18:46:27,958776580,Claro,10.0
2024988,2024-06-01 07:02:09,914268688,Claro,5.0
2024457,2024-06-06 07:43:20,953920236,Entel,20.0
2024794,2024-06-05 02:18:50,953713948,Movistar,5.0
2024852,2024-06-06 14:00:01,926520626,Movistar,15.0
2024082,2024-06-05 00:25:30,931210428,Movistar,10.0
2024573,2024-06-03 18:16:23,967203300,Movistar,10.0
2024570,2024-06-05 03:27:21,912368487,Claro,5.0
2024903,2024-06-04 20:48:45,993782281,Claro,-10.0
2024261,2024-06-03 16:31:36,977038193,Entel,15.0
2024253,2024-06-06 04:17:15,913130718,Movistar,15.0
2024115,2024-06-06 17:37:17,983732506,Bitel,15.0
2024789,2024-06-01 06:05:17,933644856,Movistar,10.0
2024779,2024-06-01 11:31:48,940257692,Movistar,5.0
2024414,2024-06-06 23:59:53,971967626,Bitel,10.0
2024658,2024-06-01 19:42:57,931193148,Claro,5.0
2024974,2024-06-02 04:19:43,994131487,Movistar,15.0
2024122,2024-06-05 17:24:35,988258589,Bitel,15.0
2024506,2024-06-01 12:12:14,970032556,movistar,15.0
2024894,2024-06-04 13:45:19,932503455,Entel,5.0
2024268,2024-06-05 14:58:00,966557197,Movistar,25.0
2024971,2024-06-05 05:52:17,977663493,Bitel,10.0
2024976,2024-06-01 15:58:47,920671878,Movistar,15.0
2024948,2024-06-04 05:46:36,987145021,Claro,12.5
2024730,2024-06-05 15:26:05,999849398,Movistar,20.0
2024659,2024-06-05 03:51:15,915524126,Entel,5.0
2024617,2024-06-02 17:15:58,976105272,Entel,10.0
2024127,2024-06-01 23:31:42,944354564,Bitel,10.0
2024132,2024-06-02 06:38:23,969093670,Claro,10.0
2024725,2024-06-01 14:26:50,952158809,Bitel,10.0
2024941,2024-06-05 12:34:57,995001413,Verizon,10.0
2024209,2024-06-01 00:21:06,999638970,Claro,5.0
2024463,2024-06-05 09:26:17,940894360,Bitel,10.0
2024459,2024-06-05 04:01:37,997698152,Bitel,20.0
2024217,2024-06-04 10:31:58,957766619,Entel,20.0
2024196,2024-06-05 10:25:01,975488941,Claro,20.0
2024105,2024-06-04 04:00:53,947051363,Bitel,25.0
2024400,2024-06-04 10:36:50,952604101,Bitel,20.0
2024609,2024-06-06 01:47:54,979882936,Movistar,10.0
2024173,2024-06-03 14:03:59,914990631,Bitel,7.0
2024259,2024-06-06 02:31:52,956620038,Entel,0.0
2024099,2024-06-02 04:10:53,971779451,Claro,20.0
2024434,2024-06-03 11:40:03,941534917,Bitel,20.0
2024190,2024-06-03 17:17:17,996306866,Claro,5.0
2024418,2024-06-03 23:34:02,935014588,Claro,15.0
2024706,2024-06-04 23:49:02,911638143,Bitel,15.0
2024874,2024-06-06 17:39:24,910624893,Entel,5.0
2024490,2024-06-06 17:29:52,950922684,Bitel,0.0
2024214,2024-06-03 06:17:52,951421596,Entel,5.0
2024374,2024-06-01 16:13:07,,Movistar,25.0
2024632,2024-06-05 10:54:19,972643544,Movistar,10.0
2024469,2024-06-01 08:18:52,986884468,Bitel,15.0
2024854,2024-06-04 12:39:05,977021397,Entel,10.0
2024862,2024-06-04 18:19:48,984233879,Movistar,15.0
2024693,2024-06-01 06:13:47,977167268,Entel,5.0
2024577,2024-06-02 13:01:11,915012585,Movistar,20.0
2024485,2024-06-01 13:43:07,955665494,Entel,5.0
2024092,2024-06-01 06:33:59,929164929,Entel,10.0
2024548,2024-06-01 22:04:31,967955198,Bitel,15.0
2024112,2024-06-04 02:50:42,980950757,Bitel,15.0
2024138,2024-06-05 11:43:34,985532139,Claro,0.0
2024094,2024-06-05 03:21:17,913549058,Bitel,-10.0
2024016,2024-06-06 06:44:04,941264983,Claro,25.0
2024735,2024-06-06 04:21:57,916157060,Claro,5.0
2024318,2024-06-03 00:31:32,920108681,Entel,5.0
2024928,2024-06-05 13:40:25,989067449,Movistar,10.0
2024603,2024-06-02 23:16:33,955711011,Claro,20.0
2024002,2024-06-03 07:31:37,926387625,,10.0
2024662,2024-06-06 08:40:04,929711852,,5.0
2024762,2024-06-04 05:21:04,969964250,Claro,10.0
2024970,2024-06-06 21:34:45,,Bitel,7.0
2024751,2024-06-01 09:53:47,967275799,Entel,20.0
2024698,2024-06-01 11:32:21,980024354,movistar,5.0
2024864,2024-06-05 13:48:51,980175730,Claro,25.0
2024334,2024-06-03 02:36:46,968886318,Bitel,15.0
2024767,2024-06-05 03:34:30,,Claro,10.0
2024464,2024-06-04 08:13:59,928856520,Bitel,15.0
2024672,2024-06-04 14:39:13,997441471,Bitel,20.0
2024652,2024-06-03 14:30:24,916591537,Entel,20.0
2024835,2024-06-04 03:17:45,984002715,Movistar,20.0
2024815,2024-06-01 08:53:44,,Entel,20.0
2024818,2024-06-03 18:28:03,987240508,Bitel,0.0
2024700,2024-06-06 05:09:50,,Movistar,15.0
2024512,2024-06-02 19:59:40,974444903,Entel,-10.0
2024768,2024-06-05 10:33:43,948324761,Entel,20.0
2024588,2024-06-02 19:31:12,935627949,Movistar,-10.0
2024032,2024-06-04 08:54:21,943264345,Claro,5.0
2024529,2024-06-03 15:04:59,940675495,Bitel,10.0
2024340,2024-06-02 09:23:12,961727030,Entel,10.0
2024780,2024-06-01 04:43:24,994220531,Bitel,20.0
2024984,2024-06-06 12:46:05,965053619,Entel,20.0
2024849,2024-06-02 16:01:15,995029650,Movistar,15.0
2024319,2024-06-05 06:55:42,949744584,Bitel,12.5
2024707,2024-06-06 13:20:16,947060525,Movistar,12.5
2024346,2024-06-01 18:17:16,950387816,Claro,20.0
2024256,2024-06-05 19:17:13,983966928,Entel,20.0
2024149,2024-06-02 02:23:13,939726181,Bitel,25.0
2024274,2024-06-02 00:01:38,929579489,Entel,15.0
2024236,2024-06-06 20:17:14,943281913,Movistar,15.0
2024108,2024-06-01 01:42:52,940999099,Entel,15.0
2024953,2024-06-04 06:29:17,920521658,Entel,15.0
2024473,2024-06-02 10:39:40,964745499,Movistar,25.0
2024310,2024-06-05 15:35:06,993134918,Entel,15.0
2024247,2024-06-05 12:43:11,998367978,Verizon,10.0
2024079,2024-06-03 06:23:05,947328149,Bitel,20.0
2024911,2024-06-04 09:08:57,936496445,Bitel,5.0
2024895,2024-06-06 11:53:37,981024338,Movistar,10.0
2024940,2024-06-04 12:48:04,911348210,Claro,10.0
2024245,2024-06-06 23:42:46,972085150,Claro,5.0
2024853,2024-06-05 05:07:44,926576069,Entel,5.0
2024916,2024-06-04 15:29:39,910486447,Bitel,5.0
2024345,2024-06-02 12:49:05,929272295,Bitel,5.0
2024430,2024-06-04 01:34:36,925600500,Bitel,10.0
2024037,2024-06-05 05:34:24,910521868,Bitel,5.0
2024458,2024-06-02 16:28:13,910229973,Entel,20.0
2024481,2024-06-04 10:56:46,941381976,Claro,10.0
2024759,2024-06-04 14:13:52,931375930,Movistar,5.0
2024897,2024-06-01 01:35:21,910296199,Entel,15.0
2024324,2024-06-03 17:31:43,,Claro,7.0
2024644,2024-06-04 07:01:22,949899460,Movistar,5.0
2024176,2024-06-02 19:56:31,927835029,Claro,12.5
2024174,2024-06-05 16:50:24,939471647,Movistar,20.0
2024608,2024-06-06 18:43:23,,Claro,5.0
2024726,2024-06-05 17:30:31,953669606,Entel,-10.0
2024466,2024-06-06 16:48:38,996840616,Bitel,25.0
2024825,2024-06-05 00:20:43,,Claro,15.0
2024177,2024-06-05 01:44:36,961168250,Bitel,10.0
2024097,2024-06-05 04:01:01,914218957,Entel,5.0
2024036,2024-06-03 00:10:07,,Claro,15.0
2024005,2024-06-02 08:23:55,,Claro,7.0
2024965,2024-06-04 21:39:58,966056519,Entel,10.0
2024298,2024-06-06 12:45:53,934701834,Movistar,5.0
2024384,2024-06-05 10:07:16,925978076,Entel,20.0
2024820,2024-06-04 11:19:46,927487816,Claro,15.0
2024583,2024-06-06 11:43:21,983844300,Entel,5.0
2024265,2024-06-06 00:21:43,970093587,Claro,12.5
2024266,2024-06-02 16:09:27,,Movistar,5.0
2024154,2024-06-01 15:46:29,912682645,Movistar,20.0
2024362,2024-06-02 09:59:50,955606161,Claro,5.0
2024218,2024-06-02 11:37:33,921782499,Bitel,10.0
2024057,2024-06-04 13:27:41,994323979,Claro,5.0
2024596,2024-06-01 22:34:50,950270985,Movistar,10.0
2024537,2024-06-01 18:11:51,930567758,Bitel,15.0
2024449,2024-06-03 18:05:26,,Bitel,5.0
2024071,2024-06-01 07:01:42,976509542,Bitel,5.0
2024355,2024-06-02 01:20:36,952111848,Claro,0.0
2024656,2024-06-01 15:22:10,991308123,Movistar,5.0
